filename,PESQ,STOI,SI-SDR
p232_001.wav,3.444648504257202,0.9000064953687509,23.869237899780273
p232_002.wav,3.4930877685546875,0.9636398127690917,21.646583557128906
p232_003.wav,3.2553164958953857,0.9770139149836654,20.74842071533203
p232_005.wav,2.1685001850128174,0.9140499494721841,15.544027328491211
p232_006.wav,2.865870952606201,0.9730836384474554,22.4196720123291
p232_007.wav,2.398513078689575,0.9538962497151637,17.30977439880371
p232_009.wav,2.5839531421661377,0.9716044615559637,17.6103572845459
p232_010.wav,1.6595762968063354,0.8805975567400726,8.833281517028809
p232_011.wav,3.2643213272094727,0.9687151146135411,20.828645706176758
p232_012.wav,3.0019454956054688,0.9676336315534496,18.18852996826172
p232_013.wav,2.654775857925415,0.9595627410609762,14.410741806030273
p232_014.wav,2.2688815593719482,0.9301125691537455,14.25594425201416
p232_015.wav,3.7749392986297607,0.9909600460161151,24.943172454833984
p232_016.wav,3.596205949783325,0.9942314832883407,22.684438705444336
p232_017.wav,3.143704414367676,0.9879147410543963,20.925262451171875
p232_019.wav,2.763608694076538,0.9816517603774733,19.003803253173828
p232_020.wav,3.392071008682251,0.962243835526546,21.219829559326172
p232_021.wav,3.1492412090301514,0.9848089579513482,21.75943374633789
p232_022.wav,2.6647872924804688,0.9801665742369133,16.690975189208984
p232_023.wav,2.055232524871826,0.9646308875166145,14.214330673217773
p232_024.wav,4.013652801513672,0.9964648613246597,24.781742095947266
p232_025.wav,3.219075918197632,0.9782991143455033,20.82334327697754
p232_027.wav,3.4240286350250244,0.9876869717131033,20.37126350402832
p232_028.wav,2.1099324226379395,0.876558005789345,16.207759857177734
p232_029.wav,2.5513205528259277,0.98016176866821,20.140640258789062
p232_030.wav,3.098600149154663,0.9951460242119633,21.050212860107422
p232_031.wav,2.1267693042755127,0.8087281034495775,17.528039932250977
p232_032.wav,1.5257534980773926,0.8847642768953622,8.508512496948242
p232_033.wav,3.2139034271240234,0.8511188407258378,20.212068557739258
p232_034.wav,2.749368667602539,0.9007644955120643,15.981819152832031
p232_035.wav,2.671017646789551,0.9847887260128653,15.949630737304688
p232_036.wav,1.7135164737701416,0.8743851727907109,9.41249942779541
p232_037.wav,3.92130708694458,0.9985612195571193,24.76494026184082
p232_038.wav,3.0574471950531006,0.9409990243077583,21.763734817504883
p232_039.wav,2.5067625045776367,0.7810270243772081,18.120786666870117
p232_040.wav,2.7265560626983643,0.995502499310129,18.99034309387207
p232_041.wav,2.5915846824645996,0.9152532633279937,20.7144718170166
p232_042.wav,3.2372024059295654,0.9982084807337414,23.41496467590332
p232_043.wav,2.1532983779907227,0.8642352426577112,14.649752616882324
p232_044.wav,1.9034993648529053,0.8279010581452877,12.267906188964844
p232_045.wav,3.847053050994873,0.9584112668603512,23.074668884277344
p232_046.wav,2.544896125793457,0.8973773009108006,18.052738189697266
p232_047.wav,2.623239040374756,0.9493303142678515,17.36659049987793
p232_048.wav,2.3187010288238525,0.7017158587730303,16.08731460571289
p232_049.wav,3.3089053630828857,0.9965474870999786,22.824363708496094
p232_050.wav,2.112187385559082,0.9318005221306771,17.403776168823242
p232_051.wav,2.038043260574341,0.9273425320362726,15.150445938110352
p232_052.wav,1.4738107919692993,0.8349772913608203,8.673905372619629
p232_053.wav,3.0834767818450928,0.9672751882308688,20.9982852935791
p232_054.wav,3.1914782524108887,0.9854039062804089,19.494789123535156
p232_055.wav,2.8738627433776855,0.8809927608492653,18.259008407592773
p232_056.wav,1.9246702194213867,0.9047518741103359,10.073123931884766
p232_057.wav,3.384082555770874,0.9803152700376114,23.98857307434082
p232_058.wav,3.7101855278015137,0.9720985468270842,23.366010665893555
p232_059.wav,2.5532920360565186,0.8094879222142761,18.722362518310547
p232_060.wav,2.8475341796875,0.8873297198401532,17.81247901916504
p232_061.wav,3.309997320175171,0.996300904441141,21.693212509155273
p232_062.wav,2.7374656200408936,0.9816481399627263,20.22956657409668
p232_063.wav,2.5659196376800537,0.9894949226359303,16.66167640686035
p232_064.wav,2.4559407234191895,0.9850950380164976,15.433674812316895
p232_065.wav,3.243178606033325,0.9571250414970728,18.870553970336914
p232_066.wav,3.255678176879883,0.9781764282542196,22.357759475708008
p232_067.wav,3.231649875640869,0.9753518723123706,19.292200088500977
p232_068.wav,3.034792423248291,0.9614623661043934,16.42607307434082
p232_069.wav,2.988246440887451,0.9782895231255092,23.077041625976562
p232_070.wav,2.7942700386047363,0.9327784091115607,18.828781127929688
p232_071.wav,1.896272897720337,0.8968460532177404,16.526506423950195
p232_072.wav,1.52689528465271,0.8325949176595919,10.298562049865723
p232_073.wav,3.0092241764068604,0.9975839003608741,19.9302921295166
p232_074.wav,2.68874454498291,0.9234856356012227,21.70254898071289
p232_075.wav,2.6366126537323,0.977648726507409,15.36472225189209
p232_076.wav,1.8201086521148682,0.8817504621010547,9.608439445495605
p232_077.wav,3.5630133152008057,0.9116962730947659,22.752361297607422
p232_078.wav,3.5471673011779785,0.9940590319750168,22.773582458496094
p232_079.wav,3.3526458740234375,0.9647149011861013,21.32234764099121
p232_080.wav,2.117473840713501,0.9709885559789377,17.071773529052734
p232_081.wav,3.3753366470336914,0.9514408726958954,21.94567108154297
p232_082.wav,1.9193415641784668,0.8752251760387675,15.191144943237305
p232_083.wav,2.456204652786255,0.8934194048540642,16.895402908325195
p232_084.wav,1.783576250076294,0.9063197251966352,14.019089698791504
p232_085.wav,4.006152153015137,0.9967338455847781,23.76590347290039
p232_086.wav,3.493528366088867,0.9861844650931089,21.158729553222656
p232_087.wav,3.2455177307128906,0.9661496960943069,22.100147247314453
p232_088.wav,2.9461140632629395,0.9441912322056681,19.227821350097656
p232_089.wav,3.0792267322540283,0.9196149725786414,19.460250854492188
p232_090.wav,2.6444175243377686,0.9814837363689051,19.087024688720703
p232_091.wav,2.1804471015930176,0.9474567636970266,14.005894660949707
p232_092.wav,2.1753146648406982,0.8907951440366539,13.382356643676758
p232_093.wav,2.9382214546203613,0.9139986019495954,20.72515296936035
p232_094.wav,2.7078654766082764,0.9682727988823142,18.42330551147461
p232_095.wav,1.8456015586853027,0.9164356852325488,13.406221389770508
p232_096.wav,1.3135334253311157,0.7929656263714379,11.662548065185547
p232_097.wav,3.0029284954071045,0.9969193973871769,21.947731018066406
p232_098.wav,2.4589312076568604,0.9380267175090377,23.20396614074707
p232_099.wav,3.378936290740967,0.9909576863663552,22.87883949279785
p232_100.wav,2.534487009048462,0.8947215299737574,18.01211166381836
p232_101.wav,3.3516476154327393,0.9974084939379626,22.233762741088867
p232_102.wav,2.913649559020996,0.9104403167798711,19.26126480102539
p232_103.wav,2.5818583965301514,0.9601267168349749,16.2591495513916
p232_104.wav,2.3092408180236816,0.948584984151324,14.404125213623047
p232_105.wav,3.910125732421875,0.9597992969027892,19.808317184448242
p232_106.wav,3.715773344039917,0.9825656672651786,21.92005157470703
p232_107.wav,3.6819984912872314,0.9696317052867275,20.039499282836914
p232_108.wav,2.6008739471435547,0.9606927979688068,18.251155853271484
p232_109.wav,2.8371164798736572,0.9813004624080289,19.283008575439453
p232_110.wav,1.6740262508392334,0.9378306204935288,15.536056518554688
p232_112.wav,2.387873888015747,0.9314195764605003,17.159648895263672
p232_113.wav,1.6996572017669678,0.7965363505205446,9.019841194152832
p232_114.wav,2.874177932739258,0.9573010207338868,21.44921875
p232_115.wav,3.077441453933716,0.9643262847627677,18.506711959838867
p232_116.wav,2.0965237617492676,0.9385417253388793,18.30498504638672
p232_117.wav,1.964792251586914,0.9350323635174005,10.933927536010742
p232_118.wav,3.338343381881714,0.9873315709402558,24.200885772705078
p232_119.wav,3.266962766647339,0.9524985580647737,22.15677261352539
p232_120.wav,3.3768115043640137,0.9345141927410929,19.42715835571289
p232_121.wav,3.057450294494629,0.9645947130938011,19.08707618713379
p232_123.wav,3.2748799324035645,0.9799855256207795,22.972841262817383
p232_124.wav,2.6471097469329834,0.9496562080342694,19.843042373657227
p232_125.wav,1.9433727264404297,0.8527313867900569,17.116168975830078
p232_126.wav,2.2562453746795654,0.924262148347955,13.785780906677246
p232_127.wav,3.597081184387207,0.9927806886288241,23.994760513305664
p232_128.wav,2.464012384414673,0.9911512425872679,20.29340362548828
p232_129.wav,3.06708025932312,0.9886263246835362,21.426410675048828
p232_130.wav,2.1229212284088135,0.9868531186416979,18.511594772338867
p232_131.wav,2.945418119430542,0.9803921581987246,22.140905380249023
p232_132.wav,2.489175319671631,0.8609860596238083,16.937881469726562
p232_133.wav,1.7403361797332764,0.9134682078099543,14.53248119354248
p232_134.wav,1.537756323814392,0.8494403595787245,10.297033309936523
p232_135.wav,3.4782464504241943,0.96022388463091,20.55790138244629
p232_136.wav,2.574366569519043,0.7761404231319299,16.690881729125977
p232_137.wav,2.559783697128296,0.9528614183877445,15.770328521728516
p232_138.wav,2.5824975967407227,0.7829542019508325,13.184043884277344
p232_139.wav,3.6085798740386963,0.9998178768538659,25.144569396972656
p232_140.wav,3.4535837173461914,0.8626998302554814,22.262676239013672
p232_141.wav,2.9588301181793213,0.8615002224050438,18.31080436706543
p232_142.wav,2.6257638931274414,0.9128678718319033,15.334186553955078
p232_143.wav,2.925948143005371,0.961421421698464,22.96062469482422
p232_144.wav,3.0516345500946045,0.9695423330953667,19.896846771240234
p232_145.wav,2.3321692943573,0.8920256664212584,15.28494930267334
p232_146.wav,2.4201903343200684,0.8882069383278209,15.803367614746094
p232_147.wav,3.912843942642212,0.9898519625028716,22.89295196533203
p232_148.wav,3.5195114612579346,0.9994032448473057,21.603992462158203
p232_150.wav,3.577719211578369,0.9841553648375967,20.47278594970703
p232_151.wav,2.227245807647705,0.9867301527049047,17.159648895263672
p232_152.wav,2.735595226287842,0.9857336823283441,21.571247100830078
p232_153.wav,2.412963390350342,0.8792755607023065,17.220081329345703
p232_154.wav,1.8734906911849976,0.9172118185171069,13.114761352539062
p232_155.wav,1.5551809072494507,0.8245650003017556,7.926174163818359
p232_156.wav,3.28556489944458,0.930338703016551,20.164949417114258
p232_158.wav,2.7480878829956055,0.9838339681471621,17.841733932495117
p232_159.wav,2.3387291431427,0.982916306417737,16.095458984375
p232_160.wav,1.5958244800567627,0.8601655857908352,11.162452697753906
p232_161.wav,3.7325217723846436,0.9903695813079455,24.93321990966797
p232_162.wav,3.544389486312866,0.9617176723317558,25.013519287109375
p232_163.wav,3.2167677879333496,0.9518139046171618,22.747900009155273
p232_164.wav,2.0444495677948,0.9220624856994553,17.67966079711914
p232_165.wav,2.942054271697998,0.9804256783414403,20.70913314819336
p232_167.wav,3.276576280593872,0.9957731082774975,20.682357788085938
p232_169.wav,2.670657157897949,0.9892671850413478,17.95320701599121
p232_170.wav,1.8082270622253418,0.7745571273773126,11.485613822937012
p232_171.wav,3.189969778060913,0.970599156034906,22.163516998291016
p232_172.wav,3.8010876178741455,0.9799225897273657,24.933818817138672
p232_173.wav,2.798929452896118,0.9390710155158141,19.06829833984375
p232_174.wav,2.0730361938476562,0.9211353127317119,17.019208908081055
p232_175.wav,3.060020923614502,0.993673657282082,22.21063995361328
p232_176.wav,2.409414768218994,0.935960983688489,16.539365768432617
p232_177.wav,1.5643941164016724,0.8366885043584177,13.402856826782227
p232_178.wav,1.9620074033737183,0.8921831425395045,12.88205623626709
p232_179.wav,2.9717905521392822,0.9816484672433811,21.933767318725586
p232_180.wav,3.2410659790039062,0.9833274871744982,17.745616912841797
p232_181.wav,2.505479335784912,0.9875919258719876,15.958547592163086
p232_182.wav,1.9620463848114014,0.9579990985198846,10.320759773254395
p232_183.wav,3.4628753662109375,0.9730906135630916,24.035310745239258
p232_184.wav,3.2667853832244873,0.9822675421989681,21.997684478759766
p232_185.wav,2.7691709995269775,0.9965070983421274,21.528684616088867
p232_186.wav,1.95798659324646,0.9017316032993503,13.844758033752441
p232_187.wav,2.5220468044281006,0.8000227009485343,20.204465866088867
p232_188.wav,3.0759735107421875,0.939708129290063,19.771766662597656
p232_189.wav,2.6072731018066406,0.9288364778748245,15.451902389526367
p232_190.wav,2.0997135639190674,0.9819769199859273,13.65226936340332
p232_191.wav,3.479113817214966,0.9658277679399061,22.439453125
p232_193.wav,3.062852144241333,0.9865289925481079,21.19875717163086
p232_194.wav,2.809387445449829,0.9813979298501113,18.57765007019043
p232_195.wav,3.1587140560150146,0.960203458689995,20.622539520263672
p232_196.wav,3.2438809871673584,0.9909820915303423,22.97832679748535
p232_197.wav,2.8954830169677734,0.9838723839104032,21.392417907714844
p232_198.wav,2.100924253463745,0.9821835700482684,15.395401000976562
p232_199.wav,1.8768260478973389,0.9382673289591599,12.241535186767578
p232_200.wav,3.1006250381469727,0.990831737817656,22.877531051635742
p232_201.wav,3.1173365116119385,0.9932785462202022,19.070816040039062
p232_202.wav,2.075989007949829,0.9308319322411122,17.71986961364746
p232_203.wav,1.4546544551849365,0.9071074518645342,10.21044921875
p232_204.wav,3.8882696628570557,0.9990600230061019,25.94041633605957
p232_205.wav,4.00224494934082,0.9844155104228273,23.636476516723633
p232_206.wav,3.263618230819702,0.9704047992314334,21.797943115234375
p232_207.wav,2.123147964477539,0.8746513859581425,19.14114761352539
p232_208.wav,3.2377402782440186,0.7670804360886221,22.0407772064209
p232_209.wav,2.918008804321289,0.8193913346737373,19.554668426513672
p232_210.wav,2.6267285346984863,0.9742406330697543,17.382471084594727
p232_211.wav,2.0743932723999023,0.842258472331376,15.599401473999023
p232_213.wav,3.640336036682129,0.9662201965094033,22.788436889648438
p232_214.wav,2.9212145805358887,0.9954652607597289,18.64556884765625
p232_215.wav,3.0556650161743164,0.9973412793550719,23.912561416625977
p232_216.wav,2.7141754627227783,0.987573187482712,17.0108585357666
p232_217.wav,3.2168400287628174,0.9187922236740762,22.794382095336914
p232_218.wav,2.7677340507507324,0.9397846450836072,20.62848663330078
p232_219.wav,2.323514223098755,0.9631511217426185,15.194328308105469
p232_220.wav,2.007596015930176,0.9529831522740032,13.2558012008667
p232_221.wav,2.907111167907715,0.9919344847257292,21.266719818115234
p232_223.wav,2.8906753063201904,0.9214912165392717,17.28122901916504
p232_224.wav,2.1368250846862793,0.9210330899386417,14.818440437316895
p232_225.wav,1.913710355758667,0.916104469720678,11.950701713562012
p232_226.wav,3.8867671489715576,0.9860837020366832,23.64720344543457
p232_227.wav,3.205638885498047,0.9990941651507809,23.842185974121094
p232_228.wav,3.2168338298797607,0.9837398003268356,21.72670555114746
p232_229.wav,2.9596619606018066,0.9706740706107119,21.619380950927734
p232_230.wav,2.3844730854034424,0.9149476966342405,21.41335678100586
p232_231.wav,2.9316036701202393,0.9968901175972675,20.816171646118164
p232_232.wav,2.350783586502075,0.9770780878960853,16.409027099609375
p232_234.wav,2.1947028636932373,0.857257588728708,13.622795104980469
p232_235.wav,3.564396619796753,0.9986641009638901,25.453340530395508
p232_236.wav,3.251934289932251,0.9439055272125766,23.384218215942383
p232_237.wav,3.53135085105896,0.9967439230385338,22.25170135498047
p232_238.wav,3.334322214126587,0.9992546609226827,21.77808380126953
p232_239.wav,2.8722646236419678,0.9948123661154608,20.353681564331055
p232_240.wav,2.9466917514801025,0.9821588708190044,20.948705673217773
p232_241.wav,2.126699209213257,0.8824843610524701,13.33900260925293
p232_242.wav,1.4081960916519165,0.8140637351794007,7.706603050231934
p232_243.wav,3.6511588096618652,0.9966640404917564,22.532154083251953
p232_244.wav,2.9552299976348877,0.9825134397837283,17.196468353271484
p232_245.wav,2.326380491256714,0.8721575924786609,19.903034210205078
p232_246.wav,1.8511898517608643,0.917498710727084,11.624344825744629
p232_247.wav,3.6945784091949463,0.9625101501216775,25.1613826751709
p232_248.wav,3.502460241317749,0.968904559372695,22.35358238220215
p232_249.wav,2.655620574951172,0.9961627053224203,22.371978759765625
p232_250.wav,2.5034844875335693,0.9518657107026876,20.91790771484375
p232_251.wav,3.316500186920166,0.9703501456595156,23.353057861328125
p232_252.wav,2.987248420715332,0.978917951977395,20.779552459716797
p232_253.wav,2.213745594024658,0.9473882979228186,17.272991180419922
p232_254.wav,2.246943473815918,0.9452403440243307,15.40196418762207
p232_255.wav,3.810307025909424,0.9928626939838329,21.592933654785156
p232_256.wav,3.0779407024383545,0.9538101342217872,20.533649444580078
p232_257.wav,2.8666417598724365,0.997831800718134,18.41815757751465
p232_258.wav,2.723982572555542,0.9701922824825591,17.573148727416992
p232_259.wav,3.257702589035034,0.9950571492165909,24.314533233642578
p232_260.wav,2.5080161094665527,0.9878378124774225,17.21940040588379
p232_261.wav,1.9383397102355957,0.9049841482903409,12.983039855957031
p232_263.wav,1.8080084323883057,0.8549327207857967,11.257033348083496
p232_264.wav,3.497203826904297,0.9943865646185972,21.6080265045166
p232_265.wav,2.8986191749572754,0.9527935701593574,17.929309844970703
p232_266.wav,2.81396484375,0.9477206560299888,17.335559844970703
p232_267.wav,1.9347076416015625,0.9346170099537564,10.359109878540039
p232_268.wav,3.8426995277404785,0.9878955485947786,22.71613121032715
p232_269.wav,3.2687366008758545,0.9890916247823607,23.516571044921875
p232_270.wav,3.403569221496582,0.9747714988832626,21.006994247436523
p232_271.wav,2.8730475902557373,0.9697570494643545,19.94044303894043
p232_272.wav,3.6091315746307373,0.9337637836090806,24.199481964111328
p232_273.wav,2.597640037536621,0.9525012275469875,18.830066680908203
p232_274.wav,2.517570734024048,0.9377694467248001,16.6850643157959
p232_275.wav,2.090674638748169,0.9464377899870425,14.702600479125977
p232_276.wav,3.620140314102173,0.9956604888939569,24.00501251220703
p232_277.wav,2.6253292560577393,0.9491324025168836,20.29195785522461
p232_278.wav,3.333102226257324,0.986223951549125,21.80668067932129
p232_279.wav,1.5521842241287231,0.8303377225506787,12.340324401855469
p232_280.wav,2.5916988849639893,0.9361424283839314,20.592121124267578
p232_281.wav,2.3202919960021973,0.8372022455598298,16.130210876464844
p232_282.wav,2.768996477127075,0.9568608527208594,18.58578109741211
p232_283.wav,1.567638635635376,0.8442114532876077,10.959110260009766
p232_284.wav,3.2371456623077393,0.9958491315539891,21.916126251220703
p232_285.wav,2.9861936569213867,0.9454279877399646,19.564159393310547
p232_286.wav,2.671312093734741,0.9421107376016549,15.38206672668457
p232_287.wav,1.7246112823486328,0.9171621484711058,10.666082382202148
p232_288.wav,3.8877127170562744,0.9896718964390526,25.289501190185547
p232_289.wav,3.5211853981018066,0.9992368813438725,23.202592849731445
p232_290.wav,3.357409954071045,0.9984663405404627,23.199312210083008
p232_291.wav,3.0319504737854004,0.9981697108852197,20.343887329101562
p232_292.wav,3.220357656478882,0.9962812951167095,21.891450881958008
p232_293.wav,2.5741567611694336,0.9670700073724071,20.65190887451172
p232_294.wav,2.6482226848602295,0.9559206139237215,16.258474349975586
p232_295.wav,1.8989510536193848,0.9209859727362669,14.061822891235352
p232_296.wav,3.401533842086792,0.9719388735345659,22.825000762939453
p232_297.wav,3.5707614421844482,0.9497790802483018,22.82720375061035
p232_298.wav,2.736799716949463,0.967427508196824,18.66617774963379
p232_299.wav,3.0379772186279297,0.938986099836685,18.971450805664062
p232_300.wav,2.941267728805542,0.9082305726882882,21.761016845703125
p232_301.wav,2.7568604946136475,0.9878170694559931,19.870378494262695
p232_302.wav,1.885962724685669,0.8502537073516684,13.040181159973145
p232_303.wav,1.6740424633026123,0.8762139687681527,9.557024002075195
p232_305.wav,2.328399419784546,0.9540856396006187,22.87462043762207
p232_306.wav,2.0244553089141846,0.8544531668465265,17.225711822509766
p232_307.wav,1.662497639656067,0.9415716482039486,14.921405792236328
p232_308.wav,1.9211505651474,0.84342504679064,10.36511516571045
p232_309.wav,3.8834049701690674,0.9823254358128887,26.68983268737793
p232_310.wav,2.967778205871582,0.9364576740133209,20.524690628051758
p232_311.wav,3.2403883934020996,0.9725297236869217,20.451263427734375
p232_312.wav,2.953383445739746,0.9682429802209392,20.43289566040039
p232_313.wav,2.93277907371521,0.9676278786013524,22.60681915283203
p232_314.wav,2.3843517303466797,0.947051438455106,19.44115447998047
p232_315.wav,2.459968090057373,0.8866784546797645,19.649930953979492
p232_316.wav,1.3980075120925903,0.8167937371440168,13.98776626586914
p232_317.wav,3.7651286125183105,0.9939877832656973,24.103071212768555
p232_318.wav,3.4962546825408936,0.9960149936066637,21.88955307006836
p232_319.wav,3.5489115715026855,0.9682772300552988,22.559206008911133
p232_320.wav,2.4572806358337402,0.9151044165750163,17.68438148498535
p232_321.wav,2.798576593399048,0.9953750552921179,23.916332244873047
p232_322.wav,2.261167287826538,0.9324445256464025,19.497047424316406
p232_323.wav,2.062068223953247,0.9618861443062506,14.945944786071777
p232_324.wav,2.052914619445801,0.944076458004026,12.630699157714844
p232_325.wav,2.6318159103393555,0.9864351153020047,21.799442291259766
p232_326.wav,2.69503116607666,0.8907571440909672,16.524892807006836
p232_327.wav,2.4041988849639893,0.984390198087607,16.54033660888672
p232_328.wav,1.8960635662078857,0.8857404559353751,8.751509666442871
p232_329.wav,3.7321951389312744,0.9996668622906727,24.997203826904297
p232_330.wav,3.016335964202881,0.9754468395500157,22.227294921875
p232_331.wav,3.7646777629852295,0.9849123450981757,28.34550666809082
p232_332.wav,2.860567092895508,0.996810683228963,20.70586395263672
p232_333.wav,3.246431827545166,0.9236339438570972,22.881961822509766
p232_334.wav,2.931894063949585,0.9918951999257519,20.502243041992188
p232_335.wav,1.8298869132995605,0.9352099731399756,17.271188735961914
p232_336.wav,1.925166368484497,0.9177851627558306,12.59683609008789
p232_337.wav,3.7648706436157227,0.9981136001028105,24.358787536621094
p232_338.wav,3.171023368835449,0.9966660982677104,17.03063201904297
p232_339.wav,3.336047649383545,0.9986925444761511,16.603687286376953
p232_340.wav,2.2659809589385986,0.9660283289917929,19.687301635742188
p232_341.wav,2.345367193222046,0.961380967713022,20.15688133239746
p232_342.wav,1.4791395664215088,0.8996298807331821,15.023774147033691
p232_343.wav,1.8225138187408447,0.9196457579222812,15.847232818603516
p232_344.wav,1.8464219570159912,0.8930807630596336,9.574996948242188
p232_346.wav,3.346083164215088,0.9628445509179674,22.5727481842041
p232_347.wav,2.476132869720459,0.9910578494868126,18.092527389526367
p232_348.wav,2.414870262145996,0.969293330029716,13.675558090209961
p232_349.wav,2.3201866149902344,0.9570926789054057,12.219761848449707
p232_350.wav,4.333642482757568,0.9870192666851757,29.23577308654785
p232_351.wav,3.3464362621307373,0.9703075071399384,22.668087005615234
p232_352.wav,3.027254819869995,0.9948732691713607,21.431228637695312
p232_353.wav,2.8057241439819336,0.9948621292069538,19.109848022460938
p232_354.wav,3.103548526763916,0.8613099524847037,19.70214080810547
p232_355.wav,2.9952614307403564,0.9850732446124566,20.830318450927734
p232_356.wav,2.127356767654419,0.9513791541795034,17.328805923461914
p232_357.wav,3.0077168941497803,0.9773218086565596,15.383382797241211
p232_358.wav,2.924894332885742,0.9108192732658457,22.651004791259766
p232_359.wav,3.414529800415039,0.8935016028142561,21.56093406677246
p232_360.wav,2.526655912399292,0.9526850648086623,19.597537994384766
p232_361.wav,2.9420785903930664,0.9978209026751316,18.32239532470703
p232_362.wav,2.862107753753662,0.9931226287508382,21.698135375976562
p232_363.wav,2.603684186935425,0.9792463555449367,19.654380798339844
p232_364.wav,2.386350393295288,0.9817470823494332,16.80959701538086
p232_365.wav,2.1901895999908447,0.896394748720675,14.128959655761719
p232_366.wav,3.1997134685516357,0.9955718157005389,20.679533004760742
p232_367.wav,2.8805723190307617,0.8969188291710435,20.50640106201172
p232_368.wav,2.9880175590515137,0.8991990817865155,17.621627807617188
p232_369.wav,2.479598045349121,0.9725847155787545,13.564783096313477
p232_370.wav,3.460719585418701,0.9786109375907692,24.817750930786133
p232_371.wav,3.2514989376068115,0.9985454209054747,23.43978500366211
p232_372.wav,2.52270770072937,0.932313463613587,20.26535415649414
p232_373.wav,3.4567503929138184,0.9969583868761094,20.33187484741211
p232_374.wav,3.0709869861602783,0.9947348364327855,22.18051528930664
p232_375.wav,2.7782537937164307,0.9916053421415815,18.943126678466797
p232_377.wav,2.6279373168945312,0.9868887843831189,18.826648712158203
p232_378.wav,1.9075164794921875,0.9733558644876588,14.125486373901367
p232_379.wav,3.572537660598755,0.9848352720559723,23.014738082885742
p232_380.wav,3.2994954586029053,0.9862803850740449,21.902061462402344
p232_381.wav,2.8385353088378906,0.9554354871494131,21.22878646850586
p232_382.wav,3.1373960971832275,0.9355993575109907,18.992450714111328
p232_383.wav,2.7082440853118896,0.9939566169259179,21.078266143798828
p232_384.wav,2.3902084827423096,0.8938460154674575,17.866756439208984
p232_385.wav,2.525907278060913,0.9079195786224574,16.962770462036133
p232_386.wav,1.5712445974349976,0.8018907715855726,8.822641372680664
p232_387.wav,3.230917453765869,0.9912135714910195,20.37954330444336
p232_388.wav,2.220606565475464,0.8636322088447611,17.969762802124023
p232_389.wav,2.0655388832092285,0.9358689880557213,18.30099868774414
p232_390.wav,1.9700801372528076,0.9326968065036814,14.139225006103516
p232_391.wav,3.807387351989746,0.9919228063254364,24.017528533935547
p232_392.wav,3.6675572395324707,0.9684608084925204,23.639860153198242
p232_393.wav,3.157285213470459,0.9988775332296578,21.654836654663086
p232_394.wav,3.056919813156128,0.9978291709542498,21.958343505859375
p232_396.wav,2.582695484161377,0.9581741068554693,21.16897964477539
p232_397.wav,2.9907429218292236,0.9973385670859849,21.186176300048828
p232_398.wav,2.4066474437713623,0.9739420641394485,18.55651092529297
p232_399.wav,2.228767156600952,0.9001258346992767,15.094898223876953
p232_400.wav,3.4679553508758545,0.9991980063463104,24.144733428955078
p232_402.wav,2.992116689682007,0.9779139501195083,16.220279693603516
p232_403.wav,2.082496404647827,0.9295846100892385,19.387840270996094
p232_404.wav,2.961118459701538,0.9954757287681391,21.62278938293457
p232_405.wav,3.2236618995666504,0.9759374493518264,19.313146591186523
p232_407.wav,1.8057277202606201,0.8549274351022151,10.39696216583252
p232_409.wav,1.8222589492797852,0.9048077421250152,14.660944938659668
p232_410.wav,2.5563416481018066,0.9496218405242143,19.590749740600586
p232_411.wav,3.1298346519470215,0.9761328187111284,23.545618057250977
p232_412.wav,2.660052537918091,0.9582653792818143,19.60135269165039
p232_413.wav,3.3364439010620117,0.9991799141110298,24.894081115722656
p232_414.wav,2.140669584274292,0.9004860309965939,15.466147422790527
p232_415.wav,1.5191752910614014,0.8879435297439608,10.347715377807617
p257_001.wav,3.3796584606170654,0.9576455911079533,17.11211585998535
p257_002.wav,3.211045503616333,0.9884399653330813,16.913724899291992
p257_003.wav,2.751878023147583,0.9600841943187085,16.814237594604492
p257_004.wav,2.6399497985839844,0.9764350920308471,17.143543243408203
p257_006.wav,2.859875202178955,0.9646851380971551,20.91266632080078
p257_007.wav,2.048130750656128,0.9350962019941218,16.369956970214844
p257_008.wav,1.8865967988967896,0.935103603767505,13.557540893554688
p257_009.wav,1.4491698741912842,0.8672988185985673,12.848173141479492
p257_010.wav,3.0945546627044678,0.9816018615861666,22.682559967041016
p257_011.wav,3.4982855319976807,0.9893355864609973,20.285131454467773
p257_012.wav,1.7527098655700684,0.9683780207560261,18.253597259521484
p257_013.wav,1.7745846509933472,0.9126089582892815,11.093046188354492
p257_014.wav,3.7114391326904297,0.9932588978615308,23.166215896606445
p257_015.wav,3.7062270641326904,0.9965241887846737,21.12851333618164
p257_016.wav,3.05436110496521,0.9885103149180702,18.929813385009766
p257_017.wav,2.593982458114624,0.9780989528280734,17.397655487060547
p257_018.wav,3.366001844406128,0.9861085010958074,21.26526641845703
p257_019.wav,2.995936155319214,0.9870959360187721,18.983671188354492
p257_020.wav,2.3214337825775146,0.954265162044149,18.640748977661133
p257_022.wav,2.6055049896240234,0.955063330964512,18.068893432617188
p257_023.wav,3.683617353439331,0.9953616874155229,22.320920944213867
p257_024.wav,3.848151683807373,0.995195222745686,21.004623413085938
p257_025.wav,3.236368179321289,0.9817415730624481,18.890783309936523
p257_026.wav,2.863494873046875,0.944582901376016,12.668246269226074
p257_027.wav,3.045111894607544,0.9731181874558622,20.98150062561035
p257_028.wav,2.080784559249878,0.9491546181818008,16.38771629333496
p257_029.wav,2.2492856979370117,0.8941652735128582,15.224468231201172
p257_030.wav,1.329816460609436,0.9341757342739357,15.344415664672852
p257_031.wav,2.8267593383789062,0.898490345956027,18.31222915649414
p257_032.wav,2.652057409286499,0.9742553028239623,16.66257667541504
p257_033.wav,1.9715874195098877,0.9135261689137758,13.171185493469238
p257_034.wav,2.28956937789917,0.9357384776760481,15.715917587280273
p257_035.wav,3.7212443351745605,0.9967849101188843,22.148609161376953
p257_036.wav,3.2224462032318115,0.9876466603056231,18.955120086669922
p257_037.wav,2.5799708366394043,0.9778061194758785,16.7618350982666
p257_038.wav,3.04252290725708,0.9802378569369368,16.976654052734375
p257_039.wav,3.2713212966918945,0.9787955314402842,20.820377349853516
p257_040.wav,2.7331936359405518,0.9791634789597881,18.044296264648438
p257_041.wav,2.5669915676116943,0.9415110531989848,12.901567459106445
p257_042.wav,1.7670233249664307,0.7961359782511161,16.29160499572754
p257_043.wav,3.500946283340454,0.9829416491043796,22.226638793945312
p257_044.wav,3.0699143409729004,0.9819680886962705,18.279264450073242
p257_045.wav,3.1082375049591064,0.9783858331806711,13.861669540405273
p257_046.wav,3.046321153640747,0.9194294953152149,12.467498779296875
p257_047.wav,3.016010284423828,0.9656573882697504,21.049158096313477
p257_048.wav,2.9276986122131348,0.9671013274544163,16.559480667114258
p257_049.wav,2.4196383953094482,0.9523225920218257,16.751564025878906
p257_050.wav,1.3582050800323486,0.7661290297216377,12.33102035522461
p257_051.wav,3.4817843437194824,0.9967548546284285,20.424922943115234
p257_052.wav,3.0615241527557373,0.9599566717741567,18.88345718383789
p257_053.wav,2.0837905406951904,0.9473412500333941,14.453008651733398
p257_054.wav,1.9077638387680054,0.8659114323303713,12.729410171508789
p257_055.wav,3.8056375980377197,0.9931586573184273,18.638486862182617
p257_056.wav,3.407381772994995,0.9847959587568029,19.51506805419922
p257_057.wav,3.413705348968506,0.9868780918300456,20.044330596923828
p257_058.wav,2.4860315322875977,0.9754179135522805,18.334287643432617
p257_059.wav,3.035074472427368,0.9870682491280801,21.327274322509766
p257_060.wav,2.899988889694214,0.9548942634238873,18.947315216064453
p257_061.wav,2.2886714935302734,0.9045026258917381,14.929667472839355
p257_062.wav,2.0064709186553955,0.9125398311308824,15.78366756439209
p257_063.wav,2.8376924991607666,0.9387097892827214,18.831308364868164
p257_064.wav,3.288478374481201,0.9659135162455869,19.25865936279297
p257_065.wav,1.8408324718475342,0.9711512514211246,17.697547912597656
p257_066.wav,3.047379732131958,0.9472543198506371,17.6901798248291
p257_067.wav,2.4925637245178223,0.9398434223256651,19.707881927490234
p257_068.wav,2.7881617546081543,0.9655128638511746,17.435428619384766
p257_069.wav,1.3549866676330566,0.7780025786653694,11.975799560546875
p257_070.wav,1.2587213516235352,0.7692458914592043,9.330620765686035
p257_071.wav,3.3587450981140137,0.9834098547170984,19.982545852661133
p257_072.wav,1.9766844511032104,0.9511140252415226,15.91774845123291
p257_073.wav,3.005580186843872,0.963189713073997,17.144926071166992
p257_074.wav,2.195338249206543,0.9055595738216773,10.834627151489258
p257_075.wav,3.7752342224121094,0.9886741834644727,22.94876480102539
p257_076.wav,3.2192907333374023,0.971176657019426,20.115148544311523
p257_077.wav,3.010223865509033,0.9817541190484198,18.63566017150879
p257_078.wav,2.573967695236206,0.9847527249960936,18.18744468688965
p257_079.wav,3.072067975997925,0.9715845604281778,20.122581481933594
p257_080.wav,2.6956562995910645,0.9721872157852386,19.375045776367188
p257_081.wav,2.1104683876037598,0.8292171581819631,16.310636520385742
p257_082.wav,2.2677600383758545,0.9064219605092542,15.542890548706055
p257_083.wav,4.117382526397705,0.9912746648064297,20.120933532714844
p257_084.wav,3.3827104568481445,0.9882307237526777,18.42270278930664
p257_085.wav,2.9038898944854736,0.9754580579922089,17.701736450195312
p257_086.wav,3.2164087295532227,0.9543266490609237,15.401930809020996
p257_087.wav,2.0240142345428467,0.9003280479385204,19.806163787841797
p257_088.wav,2.4040839672088623,0.9608580072122581,17.922691345214844
p257_089.wav,2.3290257453918457,0.9494896082573874,15.73122787475586
p257_090.wav,1.226607322692871,0.7096663175697234,8.233560562133789
p257_091.wav,2.535999298095703,0.9564983983679738,19.663463592529297
p257_092.wav,2.5626487731933594,0.8364637456036899,15.605283737182617
p257_093.wav,1.738424301147461,0.8960055585056032,13.398690223693848
p257_094.wav,1.5428048372268677,0.7514407176957213,12.035043716430664
p257_095.wav,3.951359272003174,0.9963029063213167,21.345069885253906
p257_096.wav,3.4312949180603027,0.9438364972611032,17.350509643554688
p257_097.wav,3.1673195362091064,0.9799427787119565,18.737207412719727
p257_098.wav,2.161851167678833,0.8088045507757117,17.059375762939453
p257_099.wav,3.3759894371032715,0.9841129614221256,21.054248809814453
p257_100.wav,2.328791618347168,0.8969679459992174,18.838193893432617
p257_101.wav,2.8280715942382812,0.9462549687644483,18.17959213256836
p257_102.wav,1.7619147300720215,0.9241810217922761,15.150421142578125
p257_103.wav,3.568223476409912,0.9875425391667355,21.605209350585938
p257_104.wav,3.7258450984954834,0.942247461707556,18.643062591552734
p257_105.wav,2.9020867347717285,0.899664177831146,18.249540328979492
p257_106.wav,2.8088948726654053,0.9751085230177637,16.630996704101562
p257_107.wav,2.636251211166382,0.9659067172749622,19.432918548583984
p257_108.wav,2.239192247390747,0.948069729018645,17.39625358581543
p257_109.wav,2.1395156383514404,0.9725801153161318,15.597150802612305
p257_110.wav,1.6276178359985352,0.8163092120242457,12.068435668945312
p257_111.wav,2.108426570892334,0.938650054014662,18.57280731201172
p257_112.wav,2.5852954387664795,0.9556369328345343,16.812715530395508
p257_113.wav,2.416276216506958,0.9271753206070543,14.412118911743164
p257_114.wav,1.119047999382019,0.8417846924730502,10.870734214782715
p257_115.wav,3.6403775215148926,0.9942185206122044,21.321430206298828
p257_116.wav,3.6873950958251953,0.9947977887976804,20.413511276245117
p257_117.wav,2.437811851501465,0.9661750518825891,17.840553283691406
p257_118.wav,2.7827844619750977,0.9911997985510344,19.30005645751953
p257_119.wav,3.463514804840088,0.9301314246777936,19.404277801513672
p257_120.wav,1.7048702239990234,0.9010015598381917,16.93447494506836
p257_121.wav,2.252392292022705,0.9293234661696405,16.667247772216797
p257_122.wav,1.695671796798706,0.887170114118111,15.333349227905273
p257_123.wav,4.050744533538818,0.9956465193311965,21.321910858154297
p257_124.wav,3.0004563331604004,0.9646060511185609,17.467214584350586
p257_125.wav,2.159640312194824,0.8229391794329931,15.271601676940918
p257_126.wav,2.3154361248016357,0.9133896129019055,14.567388534545898
p257_127.wav,3.047165870666504,0.9604141407731631,21.284170150756836
p257_128.wav,2.6574978828430176,0.9618496802030693,17.39287567138672
p257_129.wav,2.0009965896606445,0.8327501365061077,14.8424072265625
p257_130.wav,1.4557493925094604,0.7928949354812479,9.060955047607422
p257_131.wav,3.265645980834961,0.9490659715287635,20.07828712463379
p257_132.wav,2.923412322998047,0.9593252167421005,19.193193435668945
p257_133.wav,2.6707420349121094,0.9353928807304903,16.25608253479004
p257_135.wav,2.1290230751037598,0.9403260557083564,12.637072563171387
p257_136.wav,3.9451873302459717,0.9944806319351205,21.11145782470703
p257_137.wav,2.9625027179718018,0.9398608461436435,18.508411407470703
p257_138.wav,3.019355058670044,0.9480311746012808,18.723052978515625
p257_139.wav,2.4541428089141846,0.8667638651871488,18.589876174926758
p257_140.wav,2.6609935760498047,0.8501558510092797,18.524120330810547
p257_141.wav,2.9840714931488037,0.9609510091699366,20.297908782958984
p257_142.wav,2.622537851333618,0.9431900056648882,17.51403045654297
p257_143.wav,1.8583734035491943,0.8539373445072507,15.09318733215332
p257_144.wav,3.8554015159606934,0.9951442808627149,18.888113021850586
p257_145.wav,3.331890344619751,0.9791356922465767,16.62024688720703
p257_146.wav,2.7818403244018555,0.973233172943462,15.493480682373047
p257_147.wav,2.5668160915374756,0.9647176319772751,14.186506271362305
p257_148.wav,3.0066709518432617,0.9799389080082599,18.856245040893555
p257_149.wav,2.07896089553833,0.918130940944519,17.945594787597656
p257_150.wav,1.8856545686721802,0.902205596925811,15.094184875488281
p257_151.wav,1.1983006000518799,0.7480906892713509,8.656123161315918
p257_152.wav,3.29559063911438,0.9417717650243318,19.825319290161133
p257_153.wav,2.589688301086426,0.9604584511275015,17.47932243347168
p257_154.wav,1.6158251762390137,0.890626160680261,13.694751739501953
p257_155.wav,1.7117836475372314,0.9080943668540286,10.6608247756958
p257_156.wav,4.070629119873047,0.9913514424439414,21.56496238708496
p257_157.wav,3.65494966506958,0.9890336686346648,20.829456329345703
p257_158.wav,3.2458205223083496,0.9611393391376445,17.940088272094727
p257_159.wav,2.3290905952453613,0.9548374329949086,16.175491333007812
p257_160.wav,3.176955461502075,0.9721726769534152,19.615310668945312
p257_161.wav,3.4733920097351074,0.9656857730183948,16.82674789428711
p257_162.wav,2.328782796859741,0.9661376082060186,15.562209129333496
p257_163.wav,1.8602116107940674,0.8943308760792092,16.752914428710938
p257_164.wav,3.7785396575927734,0.9900766382567461,21.77860450744629
p257_165.wav,3.549098491668701,0.9841787698177252,19.374679565429688
p257_166.wav,2.214562177658081,0.9257248454718985,18.355295181274414
p257_167.wav,2.3645777702331543,0.951329085995701,16.08426856994629
p257_168.wav,3.0430588722229004,0.97520102133026,20.755918502807617
p257_169.wav,2.4132070541381836,0.9557424167701069,18.530847549438477
p257_170.wav,2.1683475971221924,0.9207780835139766,17.42087173461914
p257_171.wav,1.6356253623962402,0.860651691321344,12.001255989074707
p257_172.wav,2.4814090728759766,0.9493543153627435,19.908740997314453
p257_173.wav,2.478461265563965,0.9407506280412984,17.9320125579834
p257_174.wav,3.056215763092041,0.9431633333580963,18.89025115966797
p257_175.wav,1.3675894737243652,0.890345244722946,12.121323585510254
p257_176.wav,3.7570433616638184,0.9974337309736963,20.732013702392578
p257_177.wav,3.668586492538452,0.9891240380254622,20.918962478637695
p257_178.wav,3.5295369625091553,0.9929167444638176,18.876943588256836
p257_179.wav,3.0150718688964844,0.9602871366002682,18.038148880004883
p257_180.wav,2.3472936153411865,0.8075129248704477,17.873334884643555
p257_181.wav,1.5030372142791748,0.9531126312392649,19.121543884277344
p257_182.wav,2.9470691680908203,0.9412640716591899,19.58784294128418
p257_183.wav,1.8163950443267822,0.8236166943757214,15.72510814666748
p257_184.wav,3.727313995361328,0.9965257387524351,21.72142219543457
p257_185.wav,3.577112913131714,0.987876530123576,18.21893882751465
p257_186.wav,3.2355082035064697,0.9852735822291311,17.11667251586914
p257_187.wav,3.3124003410339355,0.9829472980414208,16.04033088684082
p257_188.wav,2.515956163406372,0.9627973369682893,20.274051666259766
p257_189.wav,2.4043028354644775,0.949977085249844,17.589248657226562
p257_190.wav,1.5817804336547852,0.8336915722193968,13.160224914550781
p257_191.wav,1.5032691955566406,0.8576496232023135,12.957693099975586
p257_192.wav,3.136060953140259,0.9528242215310022,18.35568618774414
p257_193.wav,2.134340286254883,0.9603204375349947,19.344194412231445
p257_194.wav,2.870944023132324,0.9615872735935985,15.217212677001953
p257_195.wav,1.7728683948516846,0.8980772755427197,11.939250946044922
p257_196.wav,3.779191732406616,0.9969990446825434,23.254804611206055
p257_197.wav,3.0521962642669678,0.9859582088782392,18.51418113708496
p257_198.wav,3.448603630065918,0.9868982632876188,18.286405563354492
p257_199.wav,2.431528329849243,0.6139786249077678,17.951326370239258
p257_200.wav,3.2400732040405273,0.9781740458336173,21.09884262084961
p257_201.wav,2.8420865535736084,0.9257315234747047,19.66201400756836
p257_202.wav,3.137403964996338,0.9165544439790904,17.14202880859375
p257_203.wav,1.994946002960205,0.9050547123653107,15.279707908630371
p257_204.wav,3.7337255477905273,0.9766414988664763,20.496440887451172
p257_205.wav,3.673225164413452,0.9250314906768383,18.90243148803711
p257_206.wav,3.1826188564300537,0.9551613378098542,18.87151336669922
p257_207.wav,2.649390697479248,0.9525485084631609,16.230714797973633
p257_208.wav,2.470924139022827,0.8636526774775342,19.684017181396484
p257_209.wav,2.2156975269317627,0.8979769345054565,16.50993537902832
p257_210.wav,2.0110785961151123,0.8703145466164992,15.89120101928711
p257_211.wav,1.2585160732269287,0.8140239092531157,8.361255645751953
p257_212.wav,2.8107428550720215,0.9836194345854358,21.87202262878418
p257_213.wav,2.1039953231811523,0.9258100536566194,14.778951644897461
p257_214.wav,1.5937179327011108,0.820262734061495,13.946581840515137
p257_215.wav,2.1595609188079834,0.8870910406943053,13.302000999450684
p257_216.wav,3.6008031368255615,0.9931209170885571,20.35386085510254
p257_217.wav,3.3539891242980957,0.987525139901159,19.34980583190918
p257_218.wav,2.6811885833740234,0.9531089270747821,18.730201721191406
p257_219.wav,2.364560842514038,0.9543110928526344,16.00396156311035
p257_220.wav,2.9375832080841064,0.9644159106639218,19.254323959350586
p257_221.wav,3.05602765083313,0.9567259689144632,17.094465255737305
p257_222.wav,2.540364980697632,0.903215106348789,15.023597717285156
p257_223.wav,2.6459853649139404,0.9411384080077496,16.07745361328125
p257_224.wav,4.122064590454102,0.9991290805698585,19.783294677734375
p257_225.wav,3.6749603748321533,0.9880109510982451,20.00799560546875
p257_226.wav,3.1844892501831055,0.9850069657425087,17.297700881958008
p257_227.wav,3.3154025077819824,0.8424031487621085,17.430957794189453
p257_228.wav,3.4245011806488037,0.8815301149377269,20.332849502563477
p257_229.wav,2.204116106033325,0.8866954493821367,18.14950942993164
p257_230.wav,1.8362194299697876,0.8986387799015109,13.44530200958252
p257_231.wav,1.4047044515609741,0.8641931732184354,11.937397003173828
p257_232.wav,2.78694486618042,0.9785382692717054,19.931476593017578
p257_233.wav,3.1100783348083496,0.9377579657965278,17.082164764404297
p257_234.wav,2.125559091567993,0.9526114667952331,15.715489387512207
p257_235.wav,2.198403835296631,0.9314548709745912,13.378192901611328
p257_236.wav,4.0092082023620605,0.9643400370236827,22.00282859802246
p257_237.wav,3.5552632808685303,0.9870087047842656,19.904150009155273
p257_238.wav,3.189441204071045,0.9673184306904027,19.90347671508789
p257_239.wav,2.3616983890533447,0.951344836078056,17.446090698242188
p257_240.wav,2.719219207763672,0.9062582010709639,20.08428192138672
p257_241.wav,2.482712984085083,0.9542146436450162,16.84601593017578
p257_242.wav,2.6040632724761963,0.9434357100010271,17.70431137084961
p257_243.wav,2.11715030670166,0.9252023013826832,16.423328399658203
p257_244.wav,3.861510992050171,0.9947707281055146,21.78424835205078
p257_245.wav,3.450596570968628,0.9779114807567694,19.82487678527832
p257_246.wav,3.0333542823791504,0.9581061034600955,18.825471878051758
p257_247.wav,2.461740016937256,0.9233873929792882,15.130172729492188
p257_248.wav,3.320891857147217,0.9888291552882492,22.9429931640625
p257_249.wav,2.5772223472595215,0.949789116336806,16.598224639892578
p257_250.wav,2.67764949798584,0.9604174816815882,17.268474578857422
p257_251.wav,1.567543387413025,0.9059876464560245,14.590341567993164
p257_252.wav,2.822099208831787,0.942607289479303,19.612279891967773
p257_253.wav,2.267380714416504,0.9338295117552885,17.140920639038086
p257_254.wav,2.645094156265259,0.9303377667548433,13.749691009521484
p257_255.wav,2.408989429473877,0.8755762667930432,14.229040145874023
p257_256.wav,3.9086368083953857,0.9893473792743286,22.9471492767334
p257_257.wav,2.9195072650909424,0.9843593969358165,17.527099609375
p257_258.wav,3.1677370071411133,0.9621053750457853,17.877992630004883
p257_259.wav,2.439056396484375,0.9670255243313084,19.292343139648438
p257_260.wav,2.298671007156372,0.8628124258685749,19.449321746826172
p257_261.wav,2.852614402770996,0.9779203144022998,20.03011703491211
p257_262.wav,2.6058599948883057,0.9725369055757573,18.093538284301758
p257_263.wav,1.54248046875,0.804457702157695,10.712594032287598
p257_264.wav,3.0081701278686523,0.9428790259499684,21.06498908996582
p257_265.wav,3.494778633117676,0.9923932399668906,20.096134185791016
p257_266.wav,2.4920432567596436,0.9692038715990502,16.373411178588867
p257_267.wav,2.223306655883789,0.911774215343652,18.324134826660156
p257_268.wav,2.531548500061035,0.8839922094983492,20.1954345703125
p257_269.wav,2.0556740760803223,0.9156192956439466,16.981884002685547
p257_270.wav,1.4688173532485962,0.8176925190992874,13.892189025878906
p257_271.wav,1.4623608589172363,0.8657221278527132,9.887718200683594
p257_272.wav,3.05814528465271,0.9614691378182983,19.735612869262695
p257_273.wav,2.474475860595703,0.9533279217201001,17.097501754760742
p257_274.wav,2.396696090698242,0.8936148030711053,14.815932273864746
p257_275.wav,2.103947401046753,0.940897917439,15.676189422607422
p257_276.wav,2.933706760406494,0.8676291723315371,19.898151397705078
p257_277.wav,3.197169303894043,0.9840427606508407,20.446163177490234
p257_278.wav,2.9560999870300293,0.9736743137601198,17.56297492980957
p257_279.wav,2.760352849960327,0.9880232345191376,17.661909103393555
p257_280.wav,3.577559471130371,0.9861782249287706,20.879863739013672
p257_281.wav,2.3202779293060303,0.9561647900302394,18.847698211669922
p257_282.wav,2.1888153553009033,0.9430623323220437,19.5598201751709
p257_283.wav,2.544302225112915,0.9442396504561872,16.221160888671875
p257_284.wav,3.030561685562134,0.9765331407616321,24.004972457885742
p257_285.wav,3.5499019622802734,0.957278424972557,18.87546157836914
p257_286.wav,3.3134546279907227,0.9764810673832536,20.48795509338379
p257_287.wav,3.1668083667755127,0.9810086108106546,18.198169708251953
p257_288.wav,1.798600435256958,0.8056380130252254,18.76693344116211
p257_289.wav,2.4789392948150635,0.9158201575491238,18.40818214416504
p257_290.wav,1.7947556972503662,0.9055940517524916,14.085664749145508
p257_291.wav,1.5950276851654053,0.7036558639702101,14.403428077697754
p257_292.wav,3.3212954998016357,0.9539095558469951,20.37020492553711
p257_293.wav,2.4284021854400635,0.8631294147979109,16.3455867767334
p257_294.wav,2.475273370742798,0.9562494875791774,16.78993034362793
p257_295.wav,1.9190468788146973,0.8662892407579482,12.623934745788574
p257_296.wav,3.574174165725708,0.9540969639783135,21.55859375
p257_297.wav,3.3946032524108887,0.9896583912593432,19.041383743286133
p257_298.wav,3.066277027130127,0.9504738468691671,16.8895206451416
p257_299.wav,2.9504590034484863,0.9782610910991356,20.22939682006836
p257_300.wav,3.149569272994995,0.873567400876686,19.02363395690918
p257_301.wav,2.8966290950775146,0.8946345709493807,17.65028953552246
p257_302.wav,2.507622718811035,0.9813434998916692,16.641273498535156
p257_303.wav,1.898378610610962,0.8522846709149854,13.544885635375977
p257_304.wav,4.347228527069092,0.9712500088171501,19.27198600769043
p257_305.wav,2.46535062789917,0.9296171143708032,18.816377639770508
p257_306.wav,3.2305803298950195,0.9909707504979203,14.011293411254883
p257_307.wav,2.9053590297698975,0.965174520955891,17.99892807006836
p257_308.wav,2.7892425060272217,0.956597919611903,20.315841674804688
p257_309.wav,2.479557991027832,0.9128758736069713,17.918418884277344
p257_310.wav,1.7936911582946777,0.8784070407279468,13.727272987365723
p257_311.wav,1.4648160934448242,0.8342526498666486,13.097437858581543
p257_312.wav,2.656590461730957,0.9680600265283866,21.035442352294922
p257_313.wav,2.5987181663513184,0.9347836473128476,17.625585556030273
p257_314.wav,2.3505890369415283,0.9464441416371654,14.024080276489258
p257_315.wav,1.5608465671539307,0.7796295052000028,12.741929054260254
p257_316.wav,3.6147549152374268,0.9829438734795424,20.548154830932617
p257_317.wav,3.7544736862182617,0.9936154684346107,19.5071964263916
p257_318.wav,3.200432300567627,0.9287598886132755,18.80314064025879
p257_319.wav,2.419006586074829,0.9401487334514647,19.028038024902344
p257_320.wav,3.556670904159546,0.9790374932249121,21.14004135131836
p257_321.wav,3.044769048690796,0.932465884784296,20.590831756591797
p257_322.wav,2.1077945232391357,0.9362664130705279,17.27164649963379
p257_323.wav,2.13712739944458,0.8882457569873998,16.33135414123535
p257_324.wav,4.208133220672607,0.9944633684601157,21.172426223754883
p257_325.wav,3.641580820083618,0.992306442565014,18.12041473388672
p257_326.wav,3.2667582035064697,0.9760851446992389,16.937238693237305
p257_327.wav,2.305288553237915,0.927259903427213,15.289708137512207
p257_328.wav,3.0229454040527344,0.887486932527702,21.463638305664062
p257_329.wav,1.9437949657440186,0.8512648412138415,16.527124404907227
p257_330.wav,2.8733716011047363,0.9686524264470784,17.226049423217773
p257_331.wav,1.4990510940551758,0.7949808313802798,9.844253540039062
p257_332.wav,2.3711817264556885,0.9713124692038119,20.324851989746094
p257_333.wav,2.995608329772949,0.9838522371735109,17.623950958251953
p257_334.wav,2.326899290084839,0.8478169235003569,15.641674041748047
p257_335.wav,2.1383230686187744,0.8545766630864562,14.114623069763184
p257_336.wav,3.669271945953369,0.9966739553022038,22.92437744140625
p257_337.wav,2.820573091506958,0.9261271204525573,16.71969985961914
p257_338.wav,3.232046127319336,0.9181661464716434,18.23541831970215
p257_339.wav,3.2142014503479004,0.9847132749981343,17.536128997802734
p257_340.wav,3.5369317531585693,0.9859787441549029,20.863765716552734
p257_341.wav,2.907709836959839,0.9828607313974294,19.303592681884766
p257_342.wav,2.71614146232605,0.9470506335188906,16.863468170166016
p257_343.wav,2.133823871612549,0.9473936703101432,15.745027542114258
p257_344.wav,3.94732403755188,0.9782040599119306,21.60203742980957
p257_345.wav,4.037041664123535,0.9851879755500306,19.239501953125
p257_346.wav,3.095874547958374,0.9698668659338582,18.673072814941406
p257_347.wav,2.8076813220977783,0.9549598547251051,16.279064178466797
p257_348.wav,2.673283576965332,0.9520206147322143,19.527570724487305
p257_349.wav,2.4268860816955566,0.9449896410282645,18.591796875
p257_350.wav,1.6681574583053589,0.9227308898043644,14.302769660949707
p257_351.wav,1.4027060270309448,0.8429273803322571,9.728414535522461
p257_352.wav,3.1017398834228516,0.9526783887368193,20.334819793701172
p257_353.wav,2.7228472232818604,0.9265636050213204,17.092016220092773
p257_354.wav,2.4096570014953613,0.895893988589212,15.014723777770996
p257_355.wav,2.0343070030212402,0.914050806532965,10.816792488098145
p257_356.wav,3.964966297149658,0.9944204355655428,22.004714965820312
p257_357.wav,3.8633768558502197,0.9964993114315089,19.76060676574707
p257_358.wav,3.7027699947357178,0.9771065900753781,19.03960418701172
p257_359.wav,2.9045794010162354,0.9641190905946248,16.475936889648438
p257_360.wav,3.3204269409179688,0.991474100807455,20.405227661132812
p257_361.wav,2.9795613288879395,0.9793304005598876,19.551136016845703
p257_362.wav,1.8588967323303223,0.945902490669672,17.060640335083008
p257_363.wav,1.9511325359344482,0.8529841930365982,16.415674209594727
p257_364.wav,4.153965473175049,0.9960667806318997,21.873815536499023
p257_365.wav,3.6208343505859375,0.9837882085374853,18.56481170654297
p257_366.wav,3.7608940601348877,0.9920884934571845,19.926464080810547
p257_367.wav,2.573094367980957,0.9826052067725197,14.895402908325195
p257_368.wav,2.7635605335235596,0.931932854626636,19.649459838867188
p257_369.wav,3.11275315284729,0.9492665677421669,19.363637924194336
p257_370.wav,1.9849661588668823,0.9069813223174735,15.118927955627441
p257_371.wav,2.301815986633301,0.951912015330425,15.853878021240234
p257_372.wav,3.4240496158599854,0.9927726141577672,20.058151245117188
p257_373.wav,2.812453508377075,0.9633117095494802,17.755451202392578
p257_374.wav,2.7640655040740967,0.9569578269602351,18.5794734954834
p257_375.wav,1.4870331287384033,0.8069423930853129,10.51506519317627
p257_376.wav,3.5097124576568604,0.8798265648603023,15.809526443481445
p257_377.wav,3.33083438873291,0.9463318642714902,20.983430862426758
p257_378.wav,3.0230612754821777,0.8146479777671102,15.882131576538086
p257_379.wav,2.652318239212036,0.9649953793536379,17.484411239624023
p257_380.wav,2.9201388359069824,0.9922485925820357,20.37950325012207
p257_381.wav,2.882279634475708,0.9417380411918438,18.66059112548828
p257_382.wav,2.078810214996338,0.9231509779575814,15.49720287322998
p257_383.wav,2.3394339084625244,0.9600643241999752,17.047536849975586
p257_384.wav,3.6569082736968994,0.9651172818982557,22.018030166625977
p257_385.wav,3.2874927520751953,0.9494165271063465,15.83932113647461
p257_386.wav,3.40375018119812,0.9841516728361508,19.657169342041016
p257_387.wav,2.0195658206939697,0.8925192378100257,15.654016494750977
p257_388.wav,3.148306369781494,0.9788383900925077,21.290342330932617
p257_389.wav,2.564507484436035,0.9548504864304337,17.760164260864258
p257_390.wav,2.1293396949768066,0.9379235392017841,15.13859748840332
p257_391.wav,1.6611343622207642,0.8760603447985059,13.342190742492676
p257_392.wav,3.178281307220459,0.9867139772525264,20.191417694091797
p257_393.wav,3.1097965240478516,0.9650030147084891,16.900054931640625
p257_394.wav,2.801182508468628,0.9727329418989556,16.53512954711914
p257_395.wav,2.0746538639068604,0.9368312926692748,12.811521530151367
p257_396.wav,3.8886661529541016,0.9884680702029216,21.33554458618164
p257_397.wav,3.8061933517456055,0.9931005929396407,19.889659881591797
p257_398.wav,2.705683708190918,0.9013386293954572,19.675308227539062
p257_399.wav,3.0931315422058105,0.9823599406307879,17.655454635620117
p257_400.wav,3.233689785003662,0.9020353091223379,21.31209945678711
p257_401.wav,1.4089338779449463,0.9429258163362377,17.345182418823242
p257_402.wav,3.161872386932373,0.9840159265517789,18.719972610473633
p257_403.wav,2.470715284347534,0.9615977500747643,17.401121139526367
p257_404.wav,4.101066589355469,0.9098625645188887,20.056039810180664
p257_405.wav,2.7310659885406494,0.900644450042089,17.433746337890625
p257_406.wav,3.8524136543273926,0.9892301124612529,18.512718200683594
p257_407.wav,2.9341585636138916,0.9848934702090796,17.563518524169922
p257_408.wav,2.472242593765259,0.9462816811543823,20.15932846069336
p257_409.wav,2.142507553100586,0.9187502519151156,17.6333065032959
p257_410.wav,2.6135106086730957,0.9562853673895566,18.086803436279297
p257_411.wav,1.8809800148010254,0.925655260511353,13.825958251953125
p257_412.wav,3.1688129901885986,0.9861358078940485,20.500526428222656
p257_413.wav,2.5333058834075928,0.9380881249061838,17.483901977539062
p257_414.wav,2.7691004276275635,0.9456553930643457,16.33725929260254
p257_415.wav,2.4343013763427734,0.9075146848875416,14.472063064575195
p257_416.wav,3.7062411308288574,0.9939814100177604,22.158802032470703
p257_417.wav,3.3600289821624756,0.9918314341980233,21.838397979736328
p257_418.wav,2.4948911666870117,0.9554908312021996,19.442941665649414
p257_419.wav,2.8493428230285645,0.9624514261885729,17.45542335510254
p257_420.wav,3.3886237144470215,0.9803107025443591,20.309104919433594
p257_421.wav,3.2474567890167236,0.8546580759570896,19.22663688659668
p257_422.wav,2.2796974182128906,0.9081698720353976,15.559770584106445
p257_423.wav,1.9207375049591064,0.9405146379853467,16.789653778076172
p257_424.wav,3.578928232192993,0.9892197055385756,22.32331085205078
p257_425.wav,3.367154121398926,0.928869328813616,15.211881637573242
p257_426.wav,1.9749720096588135,0.8906801090602153,12.897729873657227
p257_427.wav,1.314760446548462,0.7370149923657929,10.014789581298828
p257_428.wav,3.228325843811035,0.9783082147066914,18.31174659729004
p257_429.wav,2.3791651725769043,0.8756438898264571,16.100576400756836
p257_430.wav,2.4855403900146484,0.9444743975122724,14.538578987121582
p257_431.wav,2.227653741836548,0.9266140706664012,15.565759658813477
p257_432.wav,2.1005825996398926,0.7744288468782561,17.6302433013916
p257_433.wav,3.1262013912200928,0.9796181469420526,20.06505012512207
p257_434.wav,2.81809401512146,0.898353591061507,17.334596633911133
